date,open,high,close,low,volume,price_change,p_change,ma5,ma10,ma20,v_ma5,v_ma10,v_ma20
2019-09-05,27.2,27.88,27.42,27.2,151026.58,0.37,1.37,27.236,27.311,27.044,119750.4,125359.6,163353.18
2019-09-04,26.92,27.25,27.05,26.78,78602.7,-0.01,-0.04,27.372,27.392,27.091,125957.84,130355.3,161571.25
2019-09-03,27.35,27.38,27.06,26.83,101194.56,-0.31,-1.13,27.358,27.613,27.314,125966.22,154347.64,170262.36
2019-09-02,27.2,27.68,27.37,26.9,92178.36,0.09,0.33,27.386,27.638,27.711,128819.32,173648.22,179249.64
2019-08-30,28.79,28.98,27.28,27.23,175749.8,-0.82,-2.92,27.286,27.497,28.192,133269.58,182269.9,181316.12
2019-08-29,27.42,28.45,28.1,26.55,182063.77,1.12,4.15,27.386,27.285,28.608,130968.8,178194.34,178068.06
2019-08-28,27.03,27.58,26.98,26.74,78644.62,-0.22,-0.81,27.412,27.031,28.981,134752.75,179813.17,172305.92
2019-08-27,27.17,27.63,27.2,27.06,115460.05,0.33,1.23,27.868,26.953,29.43,182729.05,182249.09,172285.35
2019-08-26,26.38,27.22,26.87,26.38,114429.65,-0.91,-3.28,27.89,26.867,29.865,218477.11,182613.97,171103.85
2019-08-23,28.23,28.55,27.78,27.4,164245.92,-0.45,-1.59,27.708,26.844,30.354,231270.22,185594.16,170041.27
2019-08-22,29.13,29.13,28.23,28.07,200983.52,-1.03,-3.52,27.184,26.776,30.786,225419.88,201346.77,170430.32
2019-08-21,27.7,29.45,29.26,27.34,318526.12,1.95,7.14,26.65,26.789,31.159,224873.58,192787.21,168328.78
2019-08-20,26.3,28.39,27.31,26.18,294200.34,1.35,5.2,26.038,27.014,31.39,181769.12,186177.09,157810.42
2019-08-19,25.45,26.15,25.96,25.04,178395.19,0.8,3.18,25.844,27.784,31.743,146750.83,184851.06,147877.29
2019-08-16,25.5,25.84,25.16,25.08,134994.23,-0.4,-1.56,25.98,28.886,32.141,139918.11,180362.34,143873.99
2019-08-15,25.2,25.86,25.56,24.25,198252.02,-0.64,-2.44,26.368,29.931,32.592,177273.65,177941.78,146094.9
2019-08-14,26.81,26.83,26.2,26.17,103003.83,-0.14,-0.53,26.928,30.93,32.949,160700.85,164798.67,141331.67
2019-08-13,26.5,27.03,26.34,26.06,119108.9,-0.3,-1.13,27.99,31.906,33.282,190585.06,162321.62,140476.6
2019-08-12,26.73,27.37,26.64,26.22,144231.56,-0.46,-1.7,29.724,32.862,33.557,222951.28,159593.73,137161.07
2019-08-09,26.8,29.0,27.1,26.08,321771.94,-1.26,-4.44,31.792,33.864,33.795,220806.57,154488.38,132318.94
2019-08-08,28.4,29.75,28.36,28.36,115388.0,-3.15,-10.0,33.494,34.795,34.0,178609.9,139513.88,119425.12
2019-08-07,34.99,34.99,31.51,31.51,252424.88,-3.5,-10.0,34.932,35.529,34.095,168896.5,143870.35,115592.47
2019-08-06,37.8,38.3,35.01,33.28,280940.03,-1.97,-5.33,35.822,35.766,34.029,134058.18,129443.75,105237.34
2019-08-05,35.35,37.09,36.98,35.2,133507.98,1.37,3.85,36.0,35.702,33.819,96236.18,110903.52,93403.79
2019-08-02,34.05,36.15,35.61,33.93,110788.63,0.06,0.17,35.936,35.395,33.523,88170.2,107385.63,90445.02
2019-08-01,35.65,36.19,35.55,35.25,66820.98,-0.41,-1.14,36.096,35.253,33.368,100417.86,114248.02,86888.22
2019-07-31,36.0,36.45,35.96,35.53,78233.3,0.06,0.17,36.126,34.968,33.215,118844.2,117864.67,86581.71
2019-07-30,36.77,36.87,35.9,35.62,91830.03,-0.76,-2.07,35.71,34.657,33.026,124829.32,118631.58,86390.0
2019-07-29,36.4,37.1,36.66,36.2,93178.06,0.25,0.69,35.404,34.252,32.873,125570.86,114728.4,87039.15
2019-07-26,35.65,37.3,36.41,35.21,172026.95,0.71,1.99,34.854,33.726,32.668,126601.07,110149.5,90287.18
2019-07-25,33.88,36.18,35.7,33.72,158952.66,1.82,5.37,34.41,33.205,32.404,128078.17,99336.35,88435.47
2019-07-24,34.39,34.85,33.88,33.33,108158.88,-0.49,-1.43,33.81,32.66,32.16,116885.14,87314.59,83563.72
2019-07-23,34.37,34.99,34.37,33.48,95537.74,0.46,1.36,33.604,32.291,31.991,112433.84,81030.94,82737.84
2019-07-22,35.0,35.1,33.91,33.31,98329.1,-0.28,-0.82,33.1,31.936,31.85,103885.94,75904.06,85522.37
2019-07-19,32.7,35.0,34.19,32.7,179412.48,1.49,4.56,32.598,31.65,31.729,93697.94,73504.42,84753.82
2019-07-18,32.5,33.36,32.7,32.46,102987.49,-0.15,-0.46,32.0,31.483,31.624,70594.53,59528.42,82045.05
2019-07-17,32.0,32.85,32.85,31.67,85902.4,1.0,3.14,31.51,31.461,31.544,57744.04,55298.75,80346.83
2019-07-16,31.39,31.85,31.85,31.13,52798.23,0.45,1.43,30.978,31.394,31.442,49628.04,54148.42,81787.34
2019-07-15,30.9,31.7,31.4,30.53,47389.11,0.2,0.64,30.772,31.494,31.34,47922.18,59349.89,80755.04
2019-07-12,30.2,31.26,31.2,30.09,63895.43,0.95,3.14,30.702,31.609,31.271,53310.89,70424.85,80441.67
2019-07-11,30.38,30.83,30.25,30.2,38735.02,0.06,0.2,30.966,31.602,31.196,48462.31,77534.59,79635.7
2019-07-10,30.94,31.07,30.19,30.08,45322.39,-0.63,-2.04,31.412,31.659,31.209,52853.47,79812.85,81646.06
2019-07-09,30.57,31.41,30.82,30.53,44268.93,-0.23,-0.74,31.81,31.69,31.238,58668.81,84444.74,83100.0
2019-07-08,32.26,32.26,31.05,30.87,74332.67,-1.47,-4.52,32.216,31.763,31.234,70777.61,95140.68,85075.36
2019-07-05,32.39,32.65,32.52,31.97,39652.54,0.04,0.12,32.516,31.808,31.127,87538.82,96003.22,85599.05
2019-07-04,32.5,32.98,32.48,32.18,60690.81,0.3,0.93,32.238,31.764,30.984,106606.87,104561.67,88345.79
2019-07-03,32.8,32.8,32.18,31.93,74399.09,-0.67,-2.04,31.906,31.627,30.864,106772.23,105394.92,94638.41
2019-07-02,32.37,33.38,32.85,31.96,104812.93,0.3,0.92,31.57,31.489,30.906,110220.67,109426.26,94349.71
2019-07-01,31.89,33.0,32.55,31.38,158138.73,1.42,4.56,31.31,31.185,30.966,119503.74,102160.18,92902.52
2019-06-28,31.0,32.5,31.13,30.81,134992.77,0.31,1.01,31.1,30.933,31.065,104467.62,90458.49,91026.41
2019-06-27,30.4,31.36,30.82,30.35,61517.65,0.32,1.05,31.29,30.79,31.209,102516.47,81736.82,89701.54
2019-06-26,30.6,31.21,30.5,30.29,91641.26,-1.05,-3.33,31.348,30.759,31.404,104017.6,83479.28,91223.58
2019-06-25,31.5,32.2,31.55,29.9,151228.3,0.05,0.16,31.408,30.785,31.614,108631.85,81755.25,95221.93
2019-06-24,31.9,32.61,31.5,31.39,82958.14,-0.58,-1.81,31.06,30.705,31.709,84816.63,75010.05,91926.15
2019-06-21,31.49,32.85,32.08,31.28,125237.01,0.97,3.12,30.766,30.445,31.761,76449.36,75194.88,91350.46
2019-06-20,30.79,31.75,31.11,30.41,69023.27,0.31,1.01,30.29,30.203,31.782,60957.16,72129.92,89635.4
2019-06-19,30.9,31.47,30.8,30.47,114712.51,0.99,3.32,30.17,30.1,31.865,62940.96,83881.91,90442.75
2019-06-18,30.08,30.08,29.81,29.35,32152.2,-0.22,-0.73,30.162,30.323,31.975,54878.66,79273.17,90388.73
2019-06-17,29.01,30.28,30.03,28.81,41121.82,0.33,1.11,30.35,30.747,32.066,65203.47,83644.85,93588.79
2019-06-14,30.22,30.8,29.7,29.7,47776.0,-0.81,-2.65,30.124,31.197,32.19,73940.4,91594.33,95825.01
2019-06-13,30.76,30.96,30.51,29.9,78942.27,-0.25,-0.81,30.116,31.627,32.397,83302.67,97666.26,97918.7
2019-06-12,30.7,31.44,30.76,30.08,74401.01,0.01,0.03,30.03,32.049,32.577,104822.86,98967.89,99756.84
2019-06-11,29.0,30.75,30.75,29.0,83776.23,1.85,6.4,30.484,32.443,32.72,103667.67,108688.61,105881.86
2019-06-10,29.8,29.98,28.9,28.58,84806.51,-0.76,-2.56,31.144,32.712,32.915,102086.23,108842.25,109824.8
2019-06-06,29.89,30.16,29.66,28.2,94587.35,-0.42,-1.4,32.27,33.076,33.094,109248.25,107506.05,115051.76
2019-06-05,33.21,33.5,30.08,29.73,186543.2,-2.95,-8.93,33.138,33.36,33.1,112029.85,107140.88,115697.24
2019-06-04,33.67,34.08,33.03,32.87,68625.08,-1.02,-3.0,34.068,33.629,33.083,93112.91,97003.59,111264.03
2019-06-03,34.8,35.02,34.05,33.75,75869.0,-0.48,-1.39,34.402,33.626,32.943,113709.54,101504.29,115697.27
2019-05-31,34.18,34.88,34.53,33.1,120616.61,0.53,1.56,34.28,33.385,32.826,115598.27,103532.73,117520.64
2019-05-30,33.6,34.35,34.0,33.02,108495.37,-0.73,-2.1,33.882,33.182,32.86,105763.84,100055.68,117153.67
2019-05-29,34.65,35.35,34.73,34.35,91958.51,0.03,0.09,33.582,33.167,32.854,102251.91,98171.13,119592.0
2019-05-28,33.8,35.74,34.7,33.43,171608.19,1.26,3.77,33.19,33.104,32.775,100894.27,100545.79,121018.93
2019-05-27,32.65,33.98,33.44,32.1,85312.66,0.9,2.77,32.85,32.997,32.749,89299.04,103075.11,118542.17
2019-05-24,32.44,32.96,32.54,31.0,71444.48,0.04,0.12,32.49,33.117,32.838,91467.19,110807.36,122598.03
2019-05-23,32.9,33.19,32.5,31.7,90935.73,-0.27,-0.82,32.482,33.111,33.086,94347.53,122597.47,129223.0
2019-05-22,33.27,33.65,32.77,32.48,85170.3,-0.23,-0.7,32.752,32.84,33.249,94090.34,124253.59,131004.72
2019-05-21,31.79,33.44,33.0,31.79,113632.01,1.36,4.3,33.018,32.537,33.384,100197.3,125524.47,131721.61
2019-05-20,32.62,32.95,31.64,30.51,96153.44,-0.86,-2.65,33.144,32.26,33.534,116851.19,129890.26,130133.94
2019-05-17,33.88,34.06,32.5,32.33,85846.15,-1.35,-3.99,33.744,32.266,33.743,130147.52,131508.56,131266.17
2019-05-16,34.16,34.5,33.85,33.34,89649.81,-0.13,-0.38,33.74,32.538,33.928,150847.4,134251.66,133670.39
2019-05-15,34.28,34.8,34.1,33.8,115705.11,0.47,1.4,32.928,32.541,34.038,154416.84,141012.87,142859.79
2019-05-14,34.0,35.1,33.63,33.27,196901.42,-1.01,-2.92,32.056,32.446,34.035,150851.64,141492.06,148408.4
2019-05-13,32.0,34.97,34.64,31.9,162635.12,2.16,6.65,31.376,32.5,33.949,142929.32,134009.24,144103.2
2019-05-10,30.66,32.55,32.48,29.81,189345.56,2.69,9.03,30.788,32.559,33.831,132869.59,134388.71,144100.62
2019-05-09,29.01,30.64,29.79,29.0,107497.01,0.05,0.17,31.336,33.06,33.774,117655.91,135848.53,142073.17
2019-05-08,28.58,30.57,29.74,28.48,97879.09,-0.49,-1.62,32.154,33.657,33.897,127608.89,137755.85,148041.22
2019-05-07,31.0,31.7,30.23,28.73,157289.84,-1.47,-4.64,32.836,34.23,34.089,132132.49,137918.75,163381.72
2019-05-06,32.03,33.18,31.7,31.7,112336.46,-3.52,-9.99,33.624,34.807,34.274,125089.15,130377.63,171129.44
2019-04-30,33.8,35.55,35.22,33.5,113277.15,1.34,3.96,34.33,35.22,34.231,135907.82,131023.79,172628.63
2019-04-29,33.7,35.22,33.88,33.61,157261.89,0.73,2.2,34.784,35.318,33.968,154041.15,133089.12,174979.67
2019-04-26,34.08,34.75,33.15,32.5,120497.1,-1.02,-2.98,35.16,35.535,33.71,147902.82,144706.72,176318.02
2019-04-25,35.23,36.3,34.17,33.99,122073.14,-1.06,-3.01,35.624,35.624,33.434,143705.02,155324.73,179782.42
2019-04-24,37.5,37.51,35.23,35.02,166429.84,-2.26,-6.03,35.99,35.397,33.238,135666.12,154197.16,180096.74
2019-04-23,36.14,38.81,37.49,35.61,203943.8,1.73,4.84,36.11,35.102,33.049,126139.76,153812.53,182406.45
2019-04-22,35.3,36.66,35.76,35.3,126570.22,0.29,0.82,35.852,34.488,32.701,112137.08,148297.81,182685.94
2019-04-19,35.88,36.29,35.47,34.49,99508.1,-0.53,-1.47,35.91,34.137,32.381,141510.62,158326.58,182397.54
2019-04-18,35.52,36.3,36.0,35.22,81878.63,0.17,0.47,35.624,33.948,32.082,166944.44,188844.68,183935.14
2019-04-17,35.96,36.67,35.83,35.2,118798.04,-0.37,-1.02,34.804,33.74,31.78,172728.2,211881.25,186090.07
2019-04-16,35.78,36.97,36.2,35.07,133930.39,0.15,0.42,34.094,33.241,31.466,181485.3,214233.46,193399.84
2019-04-15,34.7,37.44,36.05,34.05,273437.94,2.01,5.91,33.124,32.618,31.173,184458.55,216870.23,203386.14
2019-04-12,33.05,34.98,34.04,32.54,226677.19,2.14,6.71,32.364,31.884,30.798,175142.54,207929.31,202893.25
2019-04-11,32.4,33.21,31.9,31.77,110797.45,-0.38,-1.18,32.272,31.243,30.622,210744.93,204240.12,212322.05
2019-04-10,31.15,33.36,32.28,30.69,162583.55,0.93,2.97,32.676,31.078,30.458,251034.3,205996.32,216879.97
2019-04-09,31.91,32.8,31.35,30.83,148796.61,-0.9,-2.79,32.388,30.996,30.211,246981.61,211000.38,220197.83
2019-04-08,32.33,33.39,32.25,32.15,226857.92,-1.33,-3.96,32.112,30.913,29.936,249281.9,217074.07,220245.34
2019-04-04,36.3,37.3,33.58,32.45,404689.12,-0.34,-1.0,31.404,30.624,29.669,240716.08,206468.5,219046.66
2019-04-03,30.98,33.92,33.92,30.5,312244.28,3.08,9.99,30.214,30.215,29.284,197735.3,179025.59,208620.4
2019-04-02,30.25,31.37,30.84,30.25,142320.14,0.87,2.9,29.48,29.82,28.88,160958.35,160298.9,204231.1
2019-04-01,29.0,31.31,29.97,28.89,160298.06,1.26,4.39,29.604,29.691,28.545,175019.14,172566.23,204896.72
2019-03-29,27.88,29.45,28.71,26.84,184028.8,1.08,3.91,29.714,29.728,28.251,184866.24,189902.06,202296.07
2019-03-28,30.0,30.87,27.63,27.59,189785.23,-2.62,-8.66,29.844,29.711,28.001,172220.92,197857.19,200026.46
2019-03-26,31.3,31.97,30.25,29.77,128359.53,-1.21,-3.85,30.216,30.001,27.79,160315.87,220403.98,196159.89
2019-03-25,30.37,32.26,31.46,29.71,212624.09,0.94,3.08,30.16,29.838,27.422,159639.44,227763.61,197660.58
2019-03-22,29.58,30.62,30.52,29.18,209533.55,1.16,3.95,29.778,29.425,27.009,170113.31,229395.29,195357.36
2019-03-21,29.37,29.79,29.36,29.05,120802.18,-0.13,-0.44,29.742,28.959,26.593,194937.89,223416.61,188942.55
2019-03-20,29.19,29.83,29.49,28.77,130260.01,-0.48,-1.6,29.578,28.713,26.213,223493.46,231624.83,186913.39
2019-03-19,29.76,30.68,29.97,29.14,124977.36,0.42,1.42,29.786,28.352,25.834,280492.09,238215.21,183707.63
2019-03-18,30.0,30.2,29.55,28.0,264993.47,-0.79,-2.6,29.516,27.94,25.435,295887.78,248163.31,182702.81
2019-03-15,28.54,31.39,30.34,28.54,333656.41,1.8,6.31,29.072,27.399,25.071,288677.26,237227.21,173853.09
2019-03-14,30.5,32.0,28.54,27.48,263580.03,-1.99,-6.52,28.176,26.774,24.652,251895.34,214690.07,162331.7
2019-03-13,29.0,31.48,30.53,28.65,415253.19,1.91,6.67,27.848,26.291,24.3,239756.2,202195.73,153288.06
2019-03-12,27.78,29.34,28.62,27.35,201955.8,1.29,4.72,26.918,25.578,23.846,195938.33,171915.8,136881.69
2019-03-11,26.0,27.77,27.33,25.9,228940.86,1.47,5.68,26.364,25.006,23.467,200438.84,167557.55,129444.27
2019-03-08,26.51,26.9,25.86,25.73,149746.83,-1.04,-3.87,25.726,24.593,23.137,185777.16,161319.43,119531.23
2019-03-07,25.62,26.98,26.9,25.61,202884.34,1.02,3.94,25.372,24.226,22.873,177484.79,154468.49,113494.24
2019-03-06,26.0,26.35,25.88,25.06,196163.81,0.03,0.12,24.734,23.712,22.519,164635.25,142201.96,104928.22
2019-03-05,24.4,26.47,25.85,24.03,224458.36,1.71,7.08,24.238,23.315,22.235,147893.28,129200.05,96273.73
2019-03-04,24.45,24.95,24.14,23.98,155632.44,0.05,0.21,23.648,22.93,21.96,134676.26,117242.31,86733.27
2019-03-01,23.72,24.37,24.09,23.53,108285.02,0.38,1.6,23.46,22.743,21.787,136861.69,110478.97,80828.56
2019-02-28,23.2,24.25,23.71,23.0,138636.62,0.31,1.32,23.08,22.529,21.63,131452.19,109973.33,78533.93
2019-02-27,23.0,23.83,23.4,22.86,112453.94,0.5,2.18,22.69,22.308,21.465,119768.67,104380.4,73229.7
2019-02-26,23.15,24.25,22.9,22.75,158373.27,-0.3,-1.29,22.392,22.114,21.324,110506.82,101847.57,68884.3
2019-02-25,22.36,23.22,23.2,22.36,166559.62,1.01,4.55,22.212,21.927,21.205,99808.37,91330.99,62861.74
2019-02-22,21.72,22.23,22.19,21.65,81237.5,0.43,1.98,22.026,21.681,21.093,84096.25,77743.03,56292.46
2019-02-21,21.91,22.31,21.76,21.68,80219.01,-0.15,-0.69,21.978,21.519,21.04,88494.47,72519.98,54282.67
2019-02-20,21.97,22.22,21.91,21.68,66144.7,-0.09,-0.41,21.926,21.325,21.011,88992.13,67654.48,53121.72
2019-02-19,22.36,22.79,22.0,21.88,104881.02,-0.27,-1.21,21.836,21.154,20.964,93188.33,63347.41,52582.54
2019-02-18,22.17,22.32,22.27,21.79,87999.01,0.32,1.46,21.642,20.99,20.908,82853.6,56224.22,50286.91
2019-02-15,21.41,22.1,21.95,21.26,103228.6,0.45,2.09,21.336,20.83,20.814,71389.8,51178.14,46889.56
2019-02-14,21.5,21.97,21.5,21.47,82707.33,0.04,0.19,21.06,20.731,20.74,56545.49,47094.53,43025.85
2019-02-13,21.8,21.8,21.46,21.38,87125.68,0.43,2.04,20.724,20.621,20.68,46316.84,42079.0,41293.88
2019-02-12,20.74,21.26,21.03,20.74,53207.4,0.29,1.4,20.472,20.534,20.647,33506.5,35921.03,39749.29
2019-02-11,20.5,20.79,20.74,20.48,30680.0,0.17,0.83,20.338,20.482,20.64,29594.83,34392.49,39971.77
2019-02-01,19.98,20.59,20.57,19.98,29007.06,0.75,3.78,20.324,20.505,20.666,30966.48,34841.89,42256.05
2019-01-31,20.36,20.45,19.82,19.77,31564.04,-0.38,-1.88,20.402,20.56,20.664,37643.57,36045.36,43108.12
2019-01-30,20.22,20.59,20.2,20.18,23074.0,-0.16,-0.79,20.518,20.697,20.674,37841.16,38588.96,44194.26
2019-01-29,20.83,20.84,20.36,20.1,33649.06,-0.31,-1.5,20.596,20.774,20.698,38335.56,41817.67,44809.51
2019-01-28,20.54,20.95,20.67,20.54,37538.22,-0.29,-1.38,20.626,20.826,20.714,39190.15,44349.61,45111.5
2019-01-25,20.53,21.07,20.96,20.28,62392.51,0.56,2.75,20.686,20.797,20.708,38717.3,42600.98,46494.98
2019-01-24,20.65,20.73,20.4,20.21,32552.01,-0.19,-0.92,20.718,20.748,20.74,34447.15,38957.16,46728.61
2019-01-23,20.6,20.78,20.59,20.29,25546.02,0.08,0.39,20.876,20.739,20.797,39336.76,40508.76,48516.43
2019-01-22,20.93,21.13,20.51,20.5,37922.0,-0.46,-2.19,20.952,20.759,20.842,45299.77,43577.56,50552.59
2019-01-21,21.13,21.48,20.97,20.9,35173.96,-0.15,-0.71,21.026,20.798,20.91,49509.06,45551.04,54650.04
2019-01-18,21.26,21.28,21.12,20.83,41041.77,-0.07,-0.33,20.908,20.827,20.995,46484.67,49670.22,65239.99
2019-01-17,20.9,21.35,21.19,20.8,57000.06,0.22,1.05,20.778,20.768,20.992,43467.18,50170.87,65207.36
2019-01-16,20.61,21.48,20.97,20.6,55361.05,0.09,0.43,20.602,20.651,20.988,41680.75,49799.57,65592.85
2019-01-15,20.38,21.79,20.88,20.09,58968.45,0.5,2.45,20.566,20.621,21.007,41855.35,47801.36,65887.69
2019-01-14,20.42,20.58,20.38,20.37,20052.0,-0.09,-0.44,20.57,20.601,20.994,41593.03,45873.4,64882.14
2019-01-11,20.25,20.55,20.47,20.25,25954.32,0.16,0.79,20.746,20.619,21.029,52855.76,50388.97,66375.99
2019-01-10,20.79,20.84,20.31,20.28,48067.93,-0.48,-2.31,20.758,20.732,21.046,56874.57,54500.05,67107.96
2019-01-09,20.98,21.2,20.79,20.75,56234.03,-0.11,-0.53,20.7,20.854,21.063,57918.38,56524.1,66245.35
2019-01-08,21.26,21.58,20.9,20.89,57656.85,-0.36,-1.69,20.676,20.925,21.044,53747.36,57527.61,65460.99
2019-01-07,20.65,21.66,21.26,20.6,76365.69,0.73,3.56,20.632,21.021,21.012,50153.77,63749.05,64846.07
2019-01-04,19.7,20.6,20.53,19.6,46048.34,0.51,2.55,20.492,21.163,20.986,47922.18,80809.76,64152.58
2019-01-03,20.75,20.99,20.02,19.99,53287.0,-0.65,-3.15,20.706,21.215,21.035,52125.54,80243.84,66806.64
2019-01-02,20.37,20.94,20.67,20.37,35378.94,-0.01,-0.05,21.008,21.325,21.099,55129.81,81386.13,68303.41
2018-12-28,20.61,20.97,20.68,20.57,39688.88,0.12,0.58,21.174,21.393,21.125,61307.86,83974.02,71768.62
2018-12-27,21.7,21.77,20.56,20.54,65207.72,-1.04,-4.82,21.41,21.386,21.108,77344.32,83890.89,73330.56
2018-12-26,21.22,21.8,21.6,21.06,67065.14,0.07,0.33,21.834,21.439,21.091,113697.35,82363.02,74481.83
2018-12-25,21.35,21.68,21.53,21.02,68308.37,0.03,0.14,21.724,21.359,21.045,108362.15,79715.87,77712.43
2018-12-24,21.92,22.29,21.5,21.27,66269.21,-0.36,-1.65,21.642,21.271,21.062,107642.45,75966.61,79921.04
2018-12-21,22.1,22.7,21.86,21.65,119871.18,-0.82,-3.62,21.612,21.163,21.112,106640.18,73394.36,81361.08
2018-12-20,20.98,23.16,22.68,20.9,246972.84,1.63,7.74,21.362,21.003,21.171,90437.45,65943.1,84055.17
2018-12-19,20.91,21.28,21.05,20.85,40389.15,-0.07,-0.33,21.044,20.809,21.268,51028.68,47495.4,84139.39
2018-12-18,21.38,21.98,21.12,20.77,64709.85,-0.23,-1.08,20.994,20.854,21.381,51069.59,53369.43,90945.44
2018-12-17,20.66,21.35,21.35,20.63,61257.89,0.74,3.59,20.9,20.872,21.46,44290.76,55220.68,95750.44
2018-12-14,21.09,21.16,20.61,20.51,38857.52,-0.48,-2.28,20.714,20.857,21.588,40148.55,59563.22,109369.2
2018-12-13,20.82,21.37,21.09,20.82,49929.0,0.29,1.39,20.644,20.83,21.707,41448.75,62770.24,118266.62
2018-12-12,20.66,20.95,20.8,20.51,40593.7,0.15,0.73,20.574,20.743,21.697,43962.11,66600.65,122273.84
2018-12-11,20.38,20.88,20.65,20.37,30815.71,0.23,1.13,20.714,20.73,21.676,55669.27,75708.99,125020.14
2018-12-10,19.9,20.8,20.42,19.72,40546.8,0.16,0.79,20.844,20.853,21.657,66150.6,83875.48,126855.52
2018-12-07,20.86,21.0,20.26,20.16,45358.52,-0.48,-2.31,21.0,21.06,21.647,78977.89,89327.79,127934.05
2018-12-06,21.2,21.21,20.74,20.7,62495.81,-0.76,-3.54,21.016,21.338,21.659,84091.73,102167.24,129132.72
2018-12-05,21.2,22.08,21.5,21.0,99129.53,0.2,0.94,20.912,21.726,21.638,89239.2,120783.39,131327.19
2018-12-04,21.09,21.82,21.3,20.88,83222.34,0.1,0.47,20.746,21.907,21.603,95748.7,128521.44,136363.41
2018-12-03,20.99,21.66,21.2,20.6,104683.23,0.86,4.23,20.862,22.048,21.596,101600.36,136280.19,140938.38
2018-11-30,20.45,20.7,20.34,20.01,70927.74,0.12,0.59,21.12,22.319,21.497,99677.7,159175.17,140588.12
2018-11-29,20.93,21.08,20.22,20.2,88233.15,-0.45,-2.18,21.66,22.583,21.377,120242.76,173763.0,139387.34
2018-11-28,22.2,22.3,20.67,20.55,131677.02,-1.21,-5.53,22.54,22.65,21.235,152327.59,177947.03,136525.73
2018-11-27,22.8,22.95,21.88,21.45,112480.67,-0.61,-2.71,23.068,22.621,21.078,161294.19,174331.3,131640.16
2018-11-26,23.06,23.33,22.49,22.44,95069.9,-0.55,-2.39,23.234,22.46,20.84,170960.03,169835.57,127161.17
2018-11-23,23.7,24.48,23.04,22.81,173753.05,-1.58,-6.42,23.518,22.234,20.57,218672.65,166540.31,123557.07
2018-11-22,23.46,25.15,24.62,23.33,248657.31,1.31,5.62,23.506,21.98,20.282,227283.23,156098.19,116784.18
2018-11-21,22.7,24.0,23.31,22.6,176510.03,0.6,2.64,22.76,21.55,19.921,203566.47,141870.99,107308.07
2018-11-20,22.0,23.7,22.71,21.98,160809.84,-1.2,-5.02,22.174,21.299,19.598,187368.41,144205.38,100033.16
2018-11-19,23.4,25.28,23.91,22.32,333633.03,0.93,4.05,21.686,21.143,19.29,168711.11,145596.57,94299.91
2018-11-16,21.46,22.98,22.98,21.46,216805.95,2.09,10.01,20.95,20.675,18.939,114407.96,122001.06,79932.01
2018-11-15,20.76,21.2,20.89,20.35,130073.49,0.51,2.5,20.454,20.171,18.599,84913.15,105011.69,71250.07
2018-11-14,20.1,21.28,20.38,19.92,95519.72,0.11,0.54,20.34,19.82,18.363,80175.52,95104.43,67497.46
2018-11-13,19.89,20.46,20.27,19.7,67523.34,0.04,0.2,20.424,19.534,18.129,101042.34,88949.03,65358.85
2018-11-12,20.12,20.38,20.23,19.77,62117.3,-0.27,-1.32,20.6,19.219,17.952,122482.03,84486.78,63845.05
2018-11-09,20.32,20.97,20.5,20.2,69331.91,0.18,0.89,20.4,18.906,17.853,129594.15,80573.84,63180.29
2018-11-08,20.58,21.04,20.32,20.19,106385.33,-0.48,-2.31,19.888,18.584,17.72,125110.24,77470.17,63041.04
2018-11-07,21.7,22.18,20.8,20.3,199853.84,-0.35,-1.66,19.3,18.292,17.581,110033.34,72745.15,60922.41
2018-11-06,19.35,21.15,21.15,19.35,174721.77,1.92,9.98,18.644,17.896,17.516,76855.72,55860.95,55554.87
2018-11-05,18.3,19.7,19.23,18.18,97677.91,1.29,7.19,17.838,17.436,17.543,46491.52,43003.25,47591.63
2018-11-02,17.7,17.95,17.94,17.58,46912.33,0.56,3.22,17.412,17.203,17.669,31553.52,37862.96,43465.19
2018-11-01,17.83,17.83,17.38,17.36,31000.87,-0.14,-0.8,17.28,17.027,17.876,29830.1,37488.44,41922.62
2018-10-31,17.13,17.63,17.52,17.03,33965.7,0.4,2.34,17.284,16.905,18.105,35456.95,39890.49,41138.8
2018-10-30,17.25,17.29,17.12,16.84,22900.8,0.02,0.12,17.148,16.723,18.329,34866.18,41768.67,40615.47
2018-10-29,17.02,17.33,17.1,16.95,22987.9,-0.18,-1.04,17.034,16.684,18.589,39514.98,43203.32,41095.22
2018-10-26,17.65,17.67,17.28,17.15,38295.23,-0.12,-0.69,16.994,16.8,18.868,44172.4,45786.75,43107.01
2018-10-25,16.54,17.52,17.4,16.16,59135.13,0.56,3.33,16.774,16.855,19.106,45146.78,48611.92,42155.11
2018-10-24,16.67,17.23,16.84,16.67,31011.85,0.29,1.75,16.526,16.87,19.322,44324.02,49099.67,40105.1
2018-10-23,16.94,17.08,16.55,16.53,46144.8,-0.35,-2.07,16.298,17.136,19.567,48671.16,55248.79,39815.81
2018-10-22,16.18,17.17,16.9,16.18,46275.0,0.72,4.45,16.334,17.649,19.843,46891.65,52180.01,38986.67
2018-10-19,14.76,16.3,16.18,14.76,43167.13,0.02,0.12,16.606,18.135,20.083,47401.1,49067.41,39668.61
2018-10-18,16.1,17.27,16.16,15.91,55021.31,0.46,2.93,16.936,18.725,20.42,52077.05,46356.8,39111.56
2018-10-17,17.0,17.45,15.7,15.33,52747.55,-1.03,-6.16,17.214,19.304,20.767,53875.31,42387.12,39441.31
2018-10-16,17.9,18.16,16.73,16.58,37247.25,-1.53,-8.38,17.974,19.934,21.17,61826.43,39462.26,42588.0
2018-10-15,17.83,18.75,18.26,17.83,48822.26,0.43,2.41,18.964,20.494,21.498,57468.38,38987.12,41801.09
2018-10-12,16.15,18.4,17.83,16.15,66546.89,0.28,1.59,19.664,20.936,21.752,50733.72,40427.27,40677.82
2018-10-11,18.21,18.22,17.55,17.55,64012.62,-1.95,-10.0,20.514,21.356,22.051,40636.55,35698.3,38955.48
2018-10-10,19.5,20.5,19.5,19.5,92503.11,-2.17,-10.01,21.394,21.774,22.371,30898.92,31110.54,37918.15
2018-06-14,21.76,21.94,21.68,21.56,15457.0,-0.07,-0.32,21.894,21.997,22.586,17098.1,24382.83,35231.77
2018-06-13,22.0,22.14,21.76,21.74,15149.0,-0.32,-1.45,22.024,22.037,22.687,20505.85,25793.33,36796.97
2018-06-12,21.94,22.15,22.08,21.77,16061.0,0.14,0.64,22.208,22.03,22.81,30120.82,30269.81,39196.25
2018-06-11,22.01,22.16,21.95,21.81,15324.49,-0.06,-0.27,22.198,22.114,22.942,30760.06,31866.32,45781.87
2018-06-08,22.16,22.16,22.0,21.81,23499.0,-0.32,-1.43,22.154,22.229,23.08,31322.16,36495.5,50098.45
2018-06-07,22.88,22.88,22.33,22.23,32495.78,-0.29,-1.28,22.1,22.406,23.16,31667.56,45713.75,50083.74
2018-06-06,23.1,23.23,22.68,22.48,63223.83,0.65,2.95,22.05,22.501,23.232,31080.8,44615.07,49943.7
2018-06-05,21.73,22.05,22.03,21.69,19257.19,0.3,1.38,21.852,22.567,23.284,30418.8,40928.37,48503.45
2018-06-04,21.82,22.07,21.73,21.53,18135.0,0.0,0.0,22.03,22.746,23.38,32972.58,42212.66,50242.23
2018-06-01,22.12,22.12,21.73,21.61,25226.0,-0.33,-1.5,22.304,22.968,23.471,41668.83,44725.76,51484.17
2018-05-31,21.88,22.25,22.08,21.8,29562.0,0.4,1.84,22.712,23.174,23.558,59759.93,46080.7,51877.96
2018-05-30,22.48,22.68,21.69,21.66,59913.8,-1.22,-5.33,22.952,23.337,23.64,58149.33,47800.62,52569.85
2018-05-29,23.04,23.24,22.92,22.82,32026.12,-0.17,-0.74,23.282,23.589,23.71,51437.94,48122.69,51903.48
2018-05-28,23.32,23.63,23.1,23.01,61616.24,-0.65,-2.74,23.462,23.769,23.763,51452.74,59697.42,52007.91
2018-05-25,24.21,25.0,23.77,23.72,115681.51,0.48,2.06,23.632,23.93,23.792,47782.69,63701.41,50834.62
2018-05-24,23.46,23.55,23.28,23.26,21509.0,-0.07,-0.3,23.636,23.914,23.8,32401.47,54453.74,47065.36
2018-05-23,23.63,23.7,23.34,23.32,26356.83,-0.35,-1.48,23.722,23.962,23.825,37451.9,55272.32,48358.47
2018-05-22,23.82,24.09,23.82,23.55,32100.1,-0.11,-0.46,23.896,24.0,23.818,44807.44,56078.54,49073.87
2018-05-21,23.99,24.19,23.95,23.71,43266.0,0.15,0.63,24.076,24.013,23.792,67942.1,58271.81,50561.21
2018-05-18,23.5,23.9,23.79,23.21,38775.43,0.08,0.34,24.228,23.974,23.809,79620.13,58242.57,50828.43
2018-05-17,24.01,24.3,23.71,23.69,46761.13,-0.51,-2.11,24.192,23.941,23.828,76506.01,57675.21,52611.47
2018-05-16,24.5,24.52,24.21,24.03,63134.55,-0.51,-2.06,24.202,23.943,23.86,73092.75,57339.08,53277.9
2018-05-15,25.49,25.6,24.72,24.49,147773.38,0.0,0.0,24.104,23.83,23.89,67349.64,55684.26,55653.07
2018-05-14,23.59,24.95,24.71,23.5,101656.17,1.09,4.62,23.95,23.757,23.949,48601.51,44318.4,52074.44
2018-05-11,23.91,23.91,23.61,23.44,23204.8,-0.16,-0.67,23.72,23.654,24.007,36865.01,37967.84,51474.99
2018-05-10,23.7,23.92,23.76,23.65,29694.83,0.04,0.17,23.69,23.685,24.162,38844.42,39676.99,60099.05
2018-05-09,23.72,23.92,23.72,23.67,34419.0,-0.22,-0.92,23.684,23.688,24.284,41585.42,41444.61,69127.78
2018-05-08,23.6,23.95,23.95,23.39,54032.76,0.38,1.61,23.556,23.635,24.455,44018.89,42069.2,76832.94
2018-05-07,23.5,23.65,23.56,23.1,42973.67,0.07,0.3,23.564,23.57,24.564,40035.29,42850.62,80910.98
2018-05-04,23.75,23.96,23.46,23.42,33101.83,-0.27,-1.14,23.588,23.644,24.678,39070.66,43414.29,87868.78
2018-05-03,23.15,23.78,23.73,23.15,43399.82,0.65,2.82,23.68,23.715,24.749,40509.55,47547.74,89774.87
2018-05-02,23.99,23.99,23.08,22.91,46586.35,-0.91,-3.79,23.692,23.777,24.81,41303.8,49216.73,90145.33
2018-04-27,23.62,24.04,23.99,23.6,34114.8,0.31,1.31,23.714,23.95,24.902,40119.51,55621.87,91660.85
2018-04-26,24.0,24.28,23.68,23.67,38150.5,-0.24,-1.0,23.576,24.141,24.939,45665.94,59830.49,93552.39
2018-04-25,23.74,24.07,23.92,23.48,40296.29,0.13,0.55,23.7,24.36,25.003,47757.92,64982.14,97900.53
2018-04-24,23.29,23.92,23.79,23.1,47371.07,0.6,2.59,23.75,24.638,25.011,54585.92,80521.11,100457.35
2018-04-23,23.65,23.65,23.19,22.85,40664.91,-0.11,-0.47,23.862,24.879,25.018,57129.65,96810.95,105831.35
2018-04-20,24.2,24.24,23.3,23.25,61846.92,-1.0,-4.12,24.186,25.274,25.187,71124.23,111596.68,109350.02
2018-04-19,24.05,24.35,24.3,23.94,48610.43,0.13,0.54,24.706,25.557,25.322,73995.03,118971.35,113087.73
2018-04-18,24.61,24.8,24.17,23.69,74436.27,-0.17,-0.7,25.02,25.711,25.437,82206.35,132323.27,117751.76
2018-04-17,24.72,25.05,24.35,24.24,60089.74,-0.46,-1.85,25.526,25.783,25.586,106456.3,132002.0,127638.81
2018-04-16,25.63,25.63,24.81,24.63,110637.79,-1.08,-4.17,25.896,25.843,25.628,136492.25,131073.93,134708.41
2018-04-13,26.37,26.99,25.9,25.85,76200.94,0.04,0.15,26.362,25.854,25.593,152069.13,127699.83,133600.8
2018-04-12,26.2,26.29,25.87,25.8,89667.01,-0.82,-3.07,26.408,25.736,25.523,163947.66,127274.3,137038.26
2018-04-11,26.56,27.42,26.7,26.31,195686.0,0.53,2.02,26.402,25.646,25.46,182440.18,130818.93,136816.19
2018-04-10,27.2,27.78,26.2,25.51,210269.52,-0.92,-3.39,26.04,25.383,25.327,157547.71,120393.59,129388.09
2018-04-09,26.05,27.33,27.14,26.05,188522.16,1.04,3.98,25.79,25.156,25.211,125655.61,114851.74,120874.51
2018-04-04,25.83,26.5,26.13,25.51,135593.59,0.31,1.2,25.346,25.1,25.053,103330.54,107103.37,113169.23
2018-04-03,24.7,26.5,25.84,24.62,182129.64,0.96,3.86,25.064,25.087,24.942,90600.95,107204.12,108539.91
2018-04-02,24.55,24.92,24.89,24.45,71223.65,-0.05,-0.2,24.89,25.162,24.851,79197.68,103180.26,101836.73
2018-03-30,24.93,25.17,24.95,24.83,50809.03,0.02,0.08,24.726,25.388,24.813,83239.47,123275.62,100151.54
2018-03-29,24.68,25.23,24.92,24.65,76896.78,0.21,0.85,24.522,25.413,24.782,104047.87,138342.89,100670.79
2018-03-28,24.25,24.73,24.72,24.1,71945.65,-0.29,-1.16,24.854,25.331,24.745,110876.19,139501.77,99166.91
2018-03-27,24.33,25.54,24.97,24.33,125113.3,0.89,3.7,25.11,25.31,24.71,123807.3,146802.21,98164.82
2018-03-26,23.29,24.3,24.07,22.15,91432.61,0.14,0.58,25.434,25.273,24.67,127162.84,142813.44,96688.06
2018-03-23,25.2,25.49,23.93,23.93,154851.02,-2.66,-10.0,26.05,25.27,24.643,163311.76,138382.58,95165.68
2018-03-22,25.81,26.8,26.58,25.71,111038.39,0.6,2.31,26.304,25.265,24.587,172637.91,126897.29,90068.83
2018-03-21,26.45,27.12,26.0,25.8,136601.16,-0.57,-2.15,25.808,25.006,24.372,168127.35,119235.09,86322.17
2018-03-20,26.51,26.88,26.59,26.12,141891.0,-0.56,-2.06,25.51,24.796,24.168,169797.12,109875.7,80658.66
2018-03-19,25.01,27.58,27.15,24.93,272177.25,1.89,7.48,25.112,24.54,23.913,158464.05,100493.2,75104.23
2018-03-16,25.99,26.3,25.2,25.0,201481.75,1.1,4.56,24.49,24.238,23.615,113453.39,77027.45,63117.64
2018-03-15,23.9,24.76,24.1,23.53,88485.57,-0.41,-1.67,24.226,24.151,23.373,81156.66,62998.7,55758.75
2018-03-14,25.9,26.88,24.51,24.4,144950.02,-0.08,-0.33,24.204,24.159,23.262,70342.84,58832.04,52687.88
2018-03-13,24.0,24.75,24.6,23.94,85225.65,0.57,2.37,24.082,24.11,23.126,49954.28,49527.44,48133.04
2018-03-12,23.87,24.45,24.04,23.84,47123.97,0.15,0.63,23.968,24.066,23.011,42522.35,50562.68,46649.51
2018-03-09,23.91,24.03,23.88,23.74,39998.1,-0.11,-0.46,23.986,24.015,22.972,40601.51,51948.79,46910.38
2018-03-08,23.82,24.1,23.99,23.71,34416.47,0.09,0.38,24.076,23.909,22.909,44840.73,53240.38,46572.58
2018-03-07,24.06,24.28,23.9,23.89,43007.21,-0.11,-0.46,24.114,23.738,22.831,47321.24,53409.24,48172.49
2018-03-06,24.2,24.28,24.03,23.82,48066.02,-0.08,-0.33,24.138,23.54,22.822,49100.6,51441.62,48479.88
2018-03-05,24.48,24.48,24.13,23.91,37519.75,-0.21,-0.86,24.164,23.285,22.812,58603.0,49715.26,47697.6
2018-03-02,23.9,24.39,24.33,23.63,61194.21,0.13,0.54,24.044,22.991,22.794,63296.07,49207.83,49095.1
2018-03-01,23.69,24.48,24.18,23.56,46819.0,0.16,0.67,23.742,22.594,22.802,61640.03,48518.81,48565.49
2018-02-28,24.31,24.4,24.02,23.3,51904.01,-0.14,-0.58,23.362,22.364,22.811,59497.23,46543.72,51429.41
2018-02-27,23.53,25.88,24.16,23.53,95578.03,0.63,2.68,22.942,22.142,22.875,53782.64,46738.65,55576.11
2018-02-26,22.8,23.78,23.53,22.8,60985.11,0.69,3.02,22.406,21.955,22.942,40827.52,42736.34,56007.5
2018-02-23,22.88,23.37,22.82,22.71,52914.01,0.54,2.42,21.938,21.929,23.022,35119.58,41871.97,56372.85
2018-02-22,22.25,22.76,22.28,22.02,36105.01,0.36,1.64,21.446,21.909,23.137,35397.58,39904.78,60149.6
2018-02-14,21.49,21.99,21.92,21.48,23331.04,0.44,2.05,21.366,21.923,23.253,33590.21,42935.74,61716.11
2018-02-13,21.4,21.9,21.48,21.31,30802.45,0.28,1.32,21.342,22.103,23.387,39694.65,45518.14,65161.68
2018-02-12,20.7,21.4,21.19,20.63,32445.39,0.82,4.03,21.504,22.338,23.533,44645.16,45679.94,68686.33
2018-02-09,21.2,21.46,20.36,20.19,54304.01,-1.5,-6.86,21.92,22.596,23.645,48624.36,48982.38,70552.47
2018-02-08,21.79,22.09,21.88,21.75,27068.16,0.09,0.41,22.372,23.009,23.839,44411.98,48612.16,73852.45
2018-02-07,22.69,23.11,21.8,21.29,53853.25,-0.5,-2.24,22.48,23.258,23.929,52281.28,56315.11,74925.33
2018-02-06,22.8,23.55,22.29,22.2,55555.0,-0.97,-4.17,22.864,23.607,24.029,51341.63,64413.58,75738.95
2018-02-05,22.45,23.39,23.27,22.25,52341.39,0.65,2.87,23.172,23.928,24.112,46714.72,69278.66,77070.0
2018-02-02,22.4,22.7,22.62,21.53,33242.11,0.2,0.89,23.272,24.114,24.184,49340.4,70873.73,79929.71
2018-02-01,23.71,23.86,22.42,22.22,66414.64,-1.3,-5.48,23.646,24.365,24.279,52812.35,80394.43,88480.92
2018-01-31,23.85,23.98,23.72,23.31,49155.02,-0.11,-0.46,24.036,24.583,24.411,60348.94,80496.48,91666.75
2018-01-30,23.71,24.08,23.83,23.7,32420.43,0.05,0.21,24.35,24.671,24.365,77485.53,84805.23,92943.35
2018-01-29,24.4,24.63,23.77,23.72,65469.81,-0.73,-2.98,24.684,24.728,24.294,91842.6,91692.73,93456.22
2018-01-26,24.27,24.74,24.49,24.22,50601.83,0.11,0.45,24.956,24.694,24.221,92407.05,92122.56,91980.51
2018-01-25,24.99,24.99,24.37,24.23,104097.59,-0.93,-3.68,25.084,24.669,24.109,107976.51,99092.73,92262.67
2018-01-24,25.49,26.28,25.29,25.2,134838.0,-0.2,-0.79,25.13,24.599,23.997,100644.02,93535.55,89522.22
2018-01-23,25.15,25.53,25.5,24.93,104205.76,0.39,1.55,24.992,24.45,23.844,92124.92,87064.33,85876.8
2018-01-22,25.14,25.4,25.13,24.75,68292.08,-0.01,-0.04,24.772,24.296,23.644,91542.85,84861.33,84970.0
2018-01-19,24.6,25.34,25.13,24.42,128449.11,0.53,2.15,24.432,24.254,23.537,91838.07,88985.7,82975.1
2018-01-18,24.4,24.88,24.6,24.3,67435.14,0.01,0.04,24.254,24.192,23.441,90208.95,96567.41,78252.92
2018-01-17,24.42,24.92,24.6,23.8,92242.51,0.2,0.82,24.068,24.239,23.378,86427.08,102837.01,77049.61
2018-01-16,23.4,24.6,24.4,23.3,101295.42,0.96,4.1,23.908,24.058,23.321,82003.73,101081.47,74590.92
2018-01-15,24.01,24.23,23.43,23.3,69768.17,-0.8,-3.3,23.82,23.86,23.257,78179.81,95219.71,71006.65
2018-01-12,23.7,25.15,24.24,23.42,120303.53,0.56,2.37,24.076,23.748,23.236,86133.33,91838.46,69690.35
2018-01-11,23.67,23.85,23.67,23.21,48525.75,-0.12,-0.5,24.13,23.548,23.197,102925.87,85432.61,65928.23
2018-01-10,24.1,24.6,23.8,23.4,70125.79,-0.14,-0.58,24.41,23.394,23.204,119246.95,85508.89,66934.9
2018-01-09,24.6,24.78,23.96,23.82,82175.82,-0.76,-3.07,24.208,23.237,23.213,120159.21,84689.28,69688.92
2018-01-08,24.12,24.95,24.71,24.01,109535.76,0.2,0.82,23.9,22.992,23.153,112259.6,85078.67,67644.48
2018-01-05,24.0,25.4,24.51,23.7,204266.23,-0.56,-2.23,23.42,22.82,23.048,97543.6,76964.5,64853.8
2018-01-04,22.79,25.07,25.07,22.51,130131.15,2.28,10.0,22.966,22.69,22.935,67939.35,59938.43,57071.47
2018-01-03,22.42,22.83,22.79,22.18,74687.1,0.38,1.7,22.378,22.516,22.785,51770.82,51262.21,53198.15
2018-01-02,22.3,22.54,22.42,22.05,42677.76,0.12,0.54,22.266,22.583,22.73,49219.34,48100.37,53397.23
2017-12-29,22.34,22.46,22.31,22.02,35955.75,0.08,0.36,22.084,22.654,22.755,57897.75,46793.59,55537.48
2017-12-28,22.23,22.84,22.24,22.12,56245.01,0.11,0.5,22.22,22.723,22.849,56385.4,47542.23,55915.74
2017-12-27,22.25,22.57,22.13,21.8,49288.5,-0.11,-0.49,22.414,22.846,22.949,51937.5,46423.84,55602.16
2017-12-26,21.73,22.66,22.23,21.73,61929.7,0.72,3.35,22.654,23.014,23.057,50753.59,48360.9,55920.67
2017-12-25,22.81,22.93,21.51,21.11,86069.77,-1.47,-6.4,22.9,23.189,23.181,46981.39,54688.57,55274.61
2017-12-22,23.21,23.39,22.99,22.9,28394.0,-0.21,-0.91,23.224,23.313,23.316,35689.43,50210.29,53887.77
2017-12-21,23.39,23.5,23.21,22.86,34005.55,-0.11,-0.47,23.226,23.275,23.389,38699.06,52743.1,55126.09
2017-12-20,23.61,23.96,23.33,23.2,43368.92,-0.14,-0.6,23.278,23.18,23.43,40910.18,54204.51,57245.14
2017-12-19,23.23,23.66,23.46,23.23,43068.7,0.31,1.34,23.374,23.053,23.526,45968.22,55134.09,58490.17
2017-12-18,23.0,23.49,23.13,22.83,29610.0,0.12,0.52,23.478,22.877,23.617,62395.75,58694.09,60331.46
2017-12-15,23.4,23.4,23.0,22.85,43442.15,-0.46,-1.96,23.402,22.856,23.715,64731.15,64281.37,65134.62
2017-12-14,23.65,23.77,23.47,23.22,45061.12,-0.33,-1.39,23.324,22.974,23.869,66787.14,64289.26,71322.17
2017-12-13,23.99,24.38,23.81,23.6,68659.12,-0.15,-0.63,23.082,23.052,24.104,67498.84,64780.47,73475.4
2017-12-12,22.61,24.14,23.98,22.61,125206.36,1.21,5.31,22.732,23.1,24.337,64299.97,63480.44,76113.42
2017-12-11,22.61,22.94,22.75,22.5,41287.0,0.14,0.62,22.276,23.172,24.605,54992.43,55860.66,82041.76
2017-12-08,22.4,22.9,22.61,22.04,53722.08,0.35,1.57,22.31,23.318,24.88,63831.59,57565.25,87775.07
2017-12-07,21.98,22.48,22.26,21.92,48619.64,0.22,1.0,22.624,23.502,25.154,61791.38,57509.09,91369.88
2017-12-06,21.66,22.1,22.06,21.51,52664.77,0.36,1.66,23.022,23.679,25.459,62062.1,60285.78,98491.69
2017-12-05,22.91,23.26,21.7,21.65,78668.67,-1.22,-5.32,23.468,23.999,25.808,62660.91,61846.25,104051.13
2017-12-04,23.91,24.15,22.92,22.85,85482.8,-1.27,-5.25,24.068,24.357,26.172,56728.88,61968.83,108773.06
2017-12-01,24.04,24.49,24.18,24.04,43521.0,-0.04,-0.17,24.326,24.574,26.435,51298.9,65987.87,112043.75
2017-11-30,24.37,24.76,24.25,24.05,49973.27,-0.05,-0.21,24.38,24.764,26.634,53226.8,78355.09,123826.01
2017-11-29,24.66,24.8,24.29,23.96,55658.83,-0.4,-1.62,24.336,25.156,26.944,58509.45,82170.33,136951.4
2017-11-28,24.01,24.9,24.7,24.0,49008.5,0.5,2.07,24.53,25.573,27.421,61031.58,88746.39,145784.73
2017-11-27,24.4,24.95,24.21,24.01,58332.89,-0.23,-0.94,24.646,26.037,27.908,67208.79,108222.87,161417.35
2017-11-24,24.1,24.7,24.45,24.09,53160.52,0.43,1.79,24.822,26.441,28.3,80676.85,117984.89,175389.32
2017-11-23,25.3,25.43,24.03,23.98,76386.5,-1.24,-4.91,25.148,26.805,28.733,103483.37,125230.68,189422.51
2017-11-22,25.21,25.9,25.26,24.84,68269.5,-0.03,-0.12,25.976,27.239,29.152,105831.21,136697.6,210698.95
2017-11-21,24.6,25.98,25.28,24.56,79894.52,0.17,0.68,26.616,27.617,29.376,116461.2,146256.01,223732.84
2017-11-20,25.55,25.58,25.09,23.46,125673.2,-0.98,-3.76,27.428,27.987,29.514,149236.94,155577.28,235402.64
2017-11-17,28.0,28.15,26.08,25.91,167193.12,-2.09,-7.42,28.06,28.296,29.749,155292.94,158099.63,252443.7
2017-11-16,28.1,28.72,28.17,28.0,88125.71,-0.3,-1.05,28.462,28.503,29.862,146977.99,169296.94,264662.55
2017-11-15,29.3,29.3,28.46,28.3,121419.46,-0.86,-2.93,28.502,28.731,29.811,167563.98,191732.48,269280.79
2017-11-14,28.0,29.89,29.34,27.68,243773.23,1.1,3.9,28.618,29.268,29.673,176050.82,202823.06,268677.48
2017-11-13,28.61,29.23,28.25,28.09,155953.17,0.16,0.57,28.546,29.778,29.477,161917.62,214611.83,259871.29
2017-11-10,28.78,28.99,28.09,27.88,125618.36,-0.28,-0.99,28.532,30.159,29.324,160906.32,232793.74,257734.07
2017-11-09,28.88,29.09,28.37,27.76,191055.7,-0.67,-2.31,28.544,30.661,29.237,191615.9,253614.34,254168.58
2017-11-08,28.8,29.7,29.04,28.11,163853.66,0.06,0.21,28.96,31.065,29.132,215900.97,284700.31,248910.25
2017-11-07,28.6,29.37,28.98,28.42,173107.2,0.8,2.84,29.918,31.134,28.995,229595.3,301209.67,247155.94
2017-11-06,28.67,28.74,28.18,27.76,150896.66,0.03,0.11,31.01,31.041,28.902,267306.04,315227.99,242961.71
2017-11-03,28.86,29.62,28.15,28.03,279166.28,-2.3,-7.55,31.786,31.202,28.861,304681.17,346787.77,243949.88
2017-11-02,31.8,31.8,30.45,30.45,312481.06,-3.38,-9.99,32.778,31.22,28.843,315612.77,360028.16,237874.8
2017-11-01,33.85,34.34,33.83,33.1,232325.3,-0.61,-1.77,33.17,30.891,28.684,353499.64,346829.1,233701.92
2017-10-31,32.62,35.22,34.44,32.2,361660.88,2.38,7.42,32.35,30.077,28.406,372824.04,334531.9,241075.48
2017-10-30,32.56,34.4,32.06,31.85,337772.31,-1.05,-3.17,31.072,29.176,28.01,363149.95,305130.76,231267.29
2017-10-27,31.45,33.2,33.11,31.45,333824.31,0.7,2.16,30.618,28.489,27.652,388894.38,282674.4,221367.64
2017-10-26,29.3,32.7,32.41,28.92,501915.41,2.68,9.01,29.662,27.813,27.306,404443.54,254722.83,215395.01
2017-10-25,27.86,30.45,29.73,27.54,328947.31,1.68,5.99,28.612,27.198,27.072,340158.56,213120.2,208416.55
2017-10-24,28.2,28.75,28.05,27.22,313290.41,-1.74,-5.84,27.804,26.856,26.88,296239.76,193102.21,197044.24
2017-10-23,29.0,31.16,29.79,28.9,466494.47,1.46,5.15,27.28,26.763,26.764,247111.56,170695.43,186873.57
2017-10-20,29.2,29.83,28.33,27.85,411570.12,1.17,4.31,26.36,26.519,26.572,176454.41,141111.99,171445.99
2017-10-19,25.61,27.2,27.16,25.61,180490.47,1.47,5.72,25.964,26.465,26.5,105002.11,115721.45,159293.58
2017-10-18,25.63,26.41,25.69,25.5,109353.35,0.26,1.02,25.784,26.477,26.479,86081.84,120574.74,156028.36
2017-10-17,25.3,25.88,25.43,25.23,67649.41,0.24,0.95,25.908,26.734,26.542,89964.65,147619.06,159389.25
2017-10-16,26.4,26.48,25.19,25.03,113208.69,-1.16,-4.4,26.246,26.843,26.643,94279.29,157403.83,171053.0
2017-10-13,26.26,26.54,26.35,26.14,54308.65,0.09,0.34,26.678,26.815,26.738,105769.58,160060.88,178294.92
2017-10-12,26.28,26.51,26.26,25.92,85889.09,-0.05,-0.19,26.966,26.798,26.767,126440.79,176067.19,192651.51
2017-10-11,27.26,27.37,26.31,26.02,128767.41,-0.81,-2.99,27.17,26.945,26.733,155067.65,203712.91,202840.46
2017-10-10,27.12,27.49,27.12,26.75,89222.62,-0.23,-0.84,27.56,26.903,26.643,205273.46,200986.28,204488.73
2017-10-09,27.8,28.22,27.35,27.0,170660.12,-0.44,-1.58,27.44,26.765,26.484,220528.36,203051.72,206976.96
2017-09-29,27.49,27.88,27.79,27.04,157664.69,0.51,1.87,26.952,26.625,26.305,214352.17,201779.99,210644.2
2017-09-28,27.58,28.1,27.28,27.11,229023.39,-0.98,-3.47,26.63,26.535,26.167,225693.6,202865.7,211476.52
2017-09-27,26.52,29.01,28.26,26.52,379796.5,1.74,6.56,26.72,26.48,26.084,252358.18,191481.98,212995.67
2017-09-26,24.87,26.66,26.52,24.85,165497.09,1.61,6.46,26.246,26.349,25.879,196699.1,171159.43,203831.34
2017-09-25,25.78,26.16,24.91,24.67,139779.2,-1.27,-4.85,26.09,26.443,25.706,185575.07,184702.18,200104.09
2017-09-22,27.0,27.18,26.18,25.87,214371.81,-1.55,-5.59,26.298,26.661,25.635,189207.81,196528.96,199072.47
2017-09-21,26.03,28.48,27.73,25.7,362346.28,1.84,7.11,26.44,26.736,25.495,180037.81,209235.84,194833.73
2017-09-20,25.66,26.08,25.89,25.35,101501.12,0.15,0.58,26.24,26.52,25.239,130605.78,201968.02,183411.57
2017-09-19,25.95,26.52,25.74,25.53,109876.95,-0.21,-0.81,26.452,26.382,25.098,145619.77,207991.18,191562.46
2017-09-18,26.66,26.66,25.95,25.53,157942.91,-0.94,-3.5,26.796,26.203,25.029,183829.29,210902.21,209190.26
2017-09-15,26.58,27.76,26.89,26.33,168521.77,0.16,0.6,27.024,25.984,24.867,203850.1,219508.4,205704.82
2017-09-14,26.7,27.1,26.73,26.42,115186.16,-0.22,-0.82,27.032,25.799,24.642,238433.87,220087.33,204899.57
2017-09-13,27.2,27.85,26.95,26.66,176571.05,-0.51,-1.86,26.8,25.688,24.4,273330.25,234509.37,202029.43
2017-09-12,27.18,28.55,27.46,26.31,300924.56,0.37,1.37,26.312,25.408,24.147,270362.6,236503.24,196693.28
2017-09-11,26.9,27.55,27.09,26.56,258046.98,0.16,0.59,25.61,24.968,23.846,237975.12,215506.0,183694.65
2017-09-08,25.5,27.47,26.93,25.32,341440.59,1.36,5.32,24.944,24.609,23.566,235166.7,201615.98,172957.06
2017-09-07,24.41,26.9,25.57,24.2,289668.06,1.06,4.33,24.566,24.253,23.281,201740.8,180431.62,160218.55
2017-09-06,23.51,24.88,24.51,23.38,161732.8,0.56,2.34,24.576,23.958,23.105,195688.49,164855.13,150908.43
2017-09-05,23.76,24.32,23.95,23.31,138987.19,0.19,0.8,24.504,23.814,22.95,202643.87,175133.74,145571.54
2017-09-04,24.45,24.45,23.76,23.3,244004.84,-1.28,-5.11,24.326,23.854,22.835,193036.87,207478.31,141090.53
2017-09-01,25.33,25.5,25.04,24.78,174311.09,-0.58,-2.26,24.274,23.749,22.732,168065.26,191901.23,130989.34
2017-08-31,24.16,25.88,25.62,23.78,259406.52,1.47,6.09,23.94,23.485,22.554,159122.44,189711.82,126717.47
2017-08-30,23.25,24.6,24.15,23.21,196509.73,1.09,4.73,23.34,23.111,22.387,134021.77,169549.5,116718.92
2017-08-29,23.45,23.85,23.06,23.04,90952.18,-0.44,-1.87,23.124,22.885,22.274,147623.61,156883.33,110864.84
2017-08-28,23.45,23.7,23.5,23.05,119146.78,0.13,0.56,23.382,22.723,22.24,221919.75,151883.31,112052.01
2017-08-25,22.5,23.6,23.37,22.5,129597.0,0.75,3.32,23.224,22.523,22.205,215737.21,144298.14,113275.25
2017-08-24,22.87,23.25,22.62,22.47,133903.14,-0.45,-1.95,23.03,22.309,22.187,220301.19,140005.48,111800.14
2017-08-23,23.9,24.06,23.07,22.85,264518.94,-1.28,-5.26,22.882,22.252,22.194,205077.23,136961.73,110195.54
2017-08-22,22.55,24.98,24.35,22.38,462432.88,1.64,7.22,22.646,22.085,22.21,166143.05,116009.34,102483.41
2017-08-21,22.6,22.88,22.71,22.14,88234.07,0.31,1.38,22.064,21.816,22.178,81846.87,74702.76,87736.24
2017-08-18,21.75,22.98,22.4,21.51,152416.92,0.52,2.38,21.822,21.714,22.194,72859.08,70077.44,88489.06
2017-08-17,21.8,22.05,21.88,21.65,57783.36,-0.01,-0.05,21.588,21.623,22.234,59709.77,63723.13,88923.75
2017-08-16,21.37,22.07,21.89,21.35,69848.0,0.45,2.1,21.622,21.663,22.273,68846.23,63888.34,91485.69
2017-08-15,21.52,21.68,21.44,21.34,40952.0,-0.06,-0.28,21.524,21.663,22.309,65875.63,64846.36,95231.54
2017-08-14,21.1,21.56,21.5,20.93,43295.1,0.27,1.27,21.568,21.757,22.3,67558.65,72220.71,97943.72
2017-08-11,21.85,22.09,21.23,21.1,86670.4,-0.82,-3.72,21.606,21.886,22.274,67295.81,82252.36,104702.04
2017-08-10,21.45,22.2,22.05,21.36,103465.63,0.65,3.04,21.658,22.064,22.356,67736.48,83594.81,108566.23
2017-08-09,21.62,21.62,21.4,21.23,54995.01,-0.26,-1.2,21.704,22.135,22.427,58930.45,83429.34,112174.04
2017-08-08,21.62,21.8,21.66,21.49,49367.1,-0.03,-0.14,21.802,22.335,22.547,63817.09,88957.49,122551.57
2017-08-07,21.6,21.97,21.69,21.49,41980.9,0.2,0.93,21.946,22.539,22.576,76882.78,100769.73,132964.43
2017-08-04,22.1,22.27,21.49,21.44,88873.78,-0.79,-3.55,22.166,22.673,22.648,97208.92,106900.69,146038.32
2017-08-03,22.18,22.46,22.28,21.99,59435.48,0.39,1.78,22.47,22.844,22.639,99453.13,114124.37,147146.25
2017-08-02,22.13,22.49,21.89,21.86,79428.17,-0.49,-2.19,22.566,22.883,22.574,107928.23,119083.05,148827.89
2017-08-01,22.65,23.18,22.38,22.3,114695.56,-0.41,-1.8,22.868,22.955,22.53,114097.89,125616.72,151033.85
2017-07-31,22.78,22.9,22.79,21.84,143611.59,-0.22,-0.96,23.132,22.843,22.45,124656.68,123666.72,154316.35
2017-07-28,22.6,23.36,23.01,22.5,100094.83,0.25,1.1,23.18,22.661,22.409,116592.45,127151.72,155849.67
2017-07-27,23.39,23.39,22.76,22.63,101811.01,-0.64,-2.73,23.218,22.647,22.337,128795.61,133537.65,158236.21
2017-07-26,23.53,23.92,23.4,22.85,110276.48,-0.3,-1.27,23.2,22.718,22.286,130237.86,140918.73,160464.67
2017-07-25,23.07,24.2,23.7,22.64,167489.48,0.67,2.91,23.042,22.759,22.199,137135.54,156145.65,166607.7
2017-07-24,22.8,23.79,23.03,22.63,103290.47,-0.17,-0.73,22.554,22.612,22.124,122676.77,165159.14,172661.06
2017-07-21,22.75,23.98,23.2,22.75,161110.59,0.53,2.34,22.142,22.622,22.136,137710.98,185175.95,181610.12
2017-07-20,22.52,23.1,22.67,22.36,109022.27,0.06,0.27,22.076,22.433,22.143,138279.69,180168.13,195468.18
2017-07-19,21.14,22.86,22.61,20.86,144764.88,1.35,6.35,22.236,22.264,22.306,151599.61,178572.74,211100.74
2017-07-18,20.63,21.58,21.26,20.63,95195.62,0.29,1.38,22.476,22.104,22.354,175155.77,176450.98,214117.38
2017-07-17,22.64,22.66,20.97,20.58,178461.53,-1.9,-8.31,22.67,22.056,22.495,207641.51,184965.98,228057.86
2017-07-14,23.28,24.29,22.87,22.8,163954.17,-0.6,-2.56,23.102,22.157,22.571,232640.92,184547.63,230585.56
2017-07-13,23.6,23.6,23.47,22.81,175621.84,-0.34,-1.43,22.79,22.026,22.468,222056.57,182934.76,228670.24
2017-07-12,22.26,23.95,23.81,22.26,262545.69,1.58,7.11,22.292,21.853,22.305,205545.87,180010.6,224798.65
2017-07-11,22.99,24.0,22.23,21.85,257624.34,-0.9,-3.89,21.732,21.639,22.079,177746.19,177069.74,215196.38
2017-07-10,21.11,23.44,23.13,21.06,303458.56,1.82,8.54,21.442,21.636,21.924,162290.45,180162.98,205572.5
2017-07-07,20.8,21.44,21.31,20.65,111032.43,0.33,1.57,21.212,21.649,21.674,136454.34,178044.29,192451.24
2017-07-06,20.86,21.19,20.98,20.69,93068.35,-0.03,-0.14,21.262,21.852,21.562,143812.95,210768.22,189283.48
2017-07-05,20.59,21.14,21.01,20.51,123547.26,0.23,1.11,21.414,22.347,21.463,154475.33,243628.74,186661.35
2017-07-04,21.97,21.99,20.78,20.75,180345.66,-1.2,-5.46,21.546,22.603,21.378,176393.3,251783.78,183077.72
2017-07-03,21.59,22.14,21.98,21.37,174278.0,0.42,1.95,21.83,22.933,21.266,198035.52,271149.75,175424.65
2017-06-30,21.6,21.74,21.56,21.13,147825.48,-0.18,-0.83,22.086,22.985,21.102,219634.25,276623.48,169829.99
2017-06-29,21.78,21.94,21.74,21.47,146380.23,0.07,0.32,22.442,22.909,20.933,277723.49,274405.71,163967.44
2017-06-28,22.2,22.37,21.67,21.41,233137.12,-0.53,-2.39,23.28,22.756,20.743,332782.16,269586.69,158480.44
2017-06-27,23.1,23.24,22.2,22.06,288556.75,-1.06,-4.56,23.66,22.519,20.555,327174.26,253323.02,148477.09
2017-06-26,23.3,23.87,23.26,22.57,282271.66,-0.08,-0.34,24.036,22.211,20.333,344263.97,230982.02,136002.95
2017-06-23,24.0,24.47,23.34,23.34,438271.69,-2.59,-9.99,23.884,21.699,20.02,333612.72,206858.19,123274.25
2017-06-22,23.32,25.93,25.93,23.26,421673.59,2.36,10.01,23.376,21.272,19.694,271087.94,167798.74,103052.22
2017-06-21,23.0,23.84,23.57,22.9,205097.59,-0.51,-2.12,22.232,20.579,19.268,206391.22,129693.95,82884.05
2017-06-20,23.75,24.45,24.08,22.22,374005.34,1.58,7.02,21.378,20.152,18.976,179471.78,114371.67,73335.91
2017-06-19,21.0,22.85,22.5,20.94,229015.38,1.7,8.17,20.386,19.599,18.665,117700.07,79699.55,55293.91
2017-06-16,20.41,21.78,20.8,20.41,125647.79,0.59,2.92,19.514,19.218,18.43,80103.66,63036.5,44539.8
2017-06-15,19.33,20.35,20.21,19.33,98190.0,0.91,4.71,19.168,18.956,18.286,64509.53,53529.16,39407.28
2017-06-14,19.31,19.91,19.3,19.11,70500.37,0.18,0.94,18.926,18.729,18.161,52996.68,47374.18,35624.83
2017-06-13,18.25,19.35,19.12,18.25,65146.83,0.98,5.4,18.926,18.59,18.071,49271.56,43631.15,32830.88
2017-06-12,18.8,18.8,18.14,18.1,41033.32,-0.93,-4.88,18.812,18.455,17.995,41699.02,41023.88,31194.55
2017-06-09,19.2,19.2,19.07,18.6,47677.14,0.07,0.37,18.922,18.34,17.984,45969.33,39690.31,30424.58
2017-06-08,19.35,19.5,19.0,18.93,40625.74,-0.3,-1.55,18.744,18.115,17.947,42548.78,38305.7,29018.31
2017-06-07,18.59,19.44,19.3,18.59,51874.76,0.75,4.04,18.532,17.956,17.933,41751.68,36074.15,27758.64
2017-06-06,18.74,18.8,18.55,18.4,27284.12,-0.14,-0.75,18.254,17.8,17.894,37990.75,32300.16,26154.61
2017-06-05,18.16,18.94,18.69,18.14,62384.89,0.51,2.81,18.098,17.73,17.898,40348.75,30888.27,26522.92
2017-06-02,18.15,18.19,18.18,17.65,30574.41,0.24,1.34,17.758,17.641,17.919,33411.29,26043.1,24308.65
2017-06-01,17.9,18.24,17.94,17.73,36640.23,0.03,0.17,17.486,17.616,17.978,34062.61,25285.4,24417.52
2017-05-31,17.85,18.25,17.91,17.8,33070.1,0.14,0.79,17.38,17.592,18.05,30396.62,23875.48,23853.99
2017-05-26,17.1,17.95,17.77,17.0,39074.11,0.78,4.59,17.346,17.552,18.127,26609.57,22030.62,24128.74
2017-05-25,16.95,17.15,16.99,16.84,27697.59,0.17,1.01,17.362,17.535,18.175,21427.78,21365.22,24107.48
2017-05-24,17.2,17.41,16.82,16.72,33831.04,-0.59,-3.39,17.524,17.628,18.266,18674.92,21158.85,23900.6
2017-05-23,17.75,17.99,17.41,17.36,18310.28,-0.33,-1.86,17.746,17.778,18.362,16508.19,19730.92,23311.0
2017-05-22,17.85,18.06,17.74,17.69,14134.85,-0.11,-0.62,17.804,17.909,18.428,17354.34,19443.13,24396.01
2017-05-19,17.81,18.07,17.85,17.8,13165.16,0.05,0.28,17.758,17.987,18.522,17451.66,20009.05,25054.77
2017-05-18,17.8,18.09,17.8,17.75,13933.25,-0.13,-0.72,17.708,18.066,18.605,21302.65,22157.57,28296.82
2017-05-17,17.87,18.29,17.93,17.75,22997.42,0.23,1.3,17.732,18.197,18.726,23642.78,22574.2,32911.65
2017-05-16,17.5,17.71,17.7,17.18,22541.04,0.19,1.08,17.81,18.339,18.903,22953.65,23549.63,37342.6
2017-05-15,17.3,17.76,17.51,17.3,14621.41,-0.09,-0.51,18.014,18.507,19.06,21531.92,23832.49,38990.21
2017-05-12,17.85,17.97,17.6,17.13,32420.13,-0.32,-1.79,18.216,18.701,19.218,22566.44,26226.87,42014.27
2017-05-11,18.35,18.35,17.92,17.51,25633.92,-0.4,-2.18,18.424,18.815,19.409,23012.48,26849.75,44264.75
2017-05-10,18.63,18.8,18.32,18.27,19551.74,-0.4,-2.14,18.662,18.903,19.584,21505.61,26642.36,50120.73
2017-05-09,18.53,18.83,18.72,18.48,15432.39,0.2,1.08,18.868,18.946,19.701,24145.61,26891.07,53536.97
2017-05-08,18.58,18.85,18.52,18.45,19794.03,-0.12,-0.64,19.0,18.946,19.801,26133.05,29348.9,60903.79
2017-05-05,19.1,19.24,18.64,18.5,34650.32,-0.47,-2.46,19.186,19.057,19.971,29887.3,30100.48,68311.21
2017-05-04,19.31,19.35,19.11,19.01,18099.59,-0.24,-1.24,19.206,19.143,20.079,30687.02,34436.07,69848.27
2017-05-03,19.28,19.65,19.35,19.11,32751.71,-0.03,-0.15,19.144,19.255,20.173,31779.1,43249.1,74563.57
2017-05-02,19.2,19.76,19.38,19.1,25369.62,-0.07,-0.36,19.024,19.467,20.19,29636.53,51135.57,74148.77
2017-04-28,18.87,19.5,19.45,18.75,38565.28,0.71,3.79,18.892,19.613,20.216,32564.74,54147.93,75239.66
2017-04-27,18.9,18.92,18.74,18.26,38648.9,-0.06,-0.32,18.928,19.734,20.227,30313.66,57801.68,74410.77
2017-04-26,18.85,19.0,18.8,18.55,23559.97,0.05,0.27,19.08,20.003,20.275,38185.12,61679.75,73416.7
2017-04-25,18.88,19.05,18.75,18.7,22038.9,0.03,0.16,19.366,20.264,20.323,54719.11,73599.1,74169.97
2017-04-24,19.58,19.58,18.72,18.7,40010.66,-0.91,-4.64,19.91,20.455,20.384,72634.6,80182.86,75464.71
2017-04-21,19.49,19.74,19.63,19.38,27309.89,0.13,0.67,20.334,20.656,20.423,75731.12,92458.68,76179.26
2017-04-20,20.07,20.16,19.5,19.21,78006.18,-0.73,-3.61,20.54,20.884,20.436,85289.69,106521.93,76621.6
2017-04-19,21.3,21.53,20.23,20.0,106229.9,-1.24,-5.78,20.926,21.015,20.478,85174.38,105260.47,74207.09
2017-04-18,20.61,21.78,21.47,20.52,111616.35,0.63,3.02,21.162,21.091,20.49,92479.1,105878.03,70155.9
2017-04-17,20.67,21.54,20.84,20.43,55493.28,0.18,0.87,21.0,20.912,20.438,87731.13,97161.98,66386.62
2017-04-14,21.21,21.42,20.66,20.51,75102.73,-0.77,-3.59,20.978,20.819,20.424,109186.24,96331.39,65465.99
2017-04-13,21.3,21.8,21.43,21.02,77429.64,0.02,0.09,21.228,20.72,20.42,127754.18,91019.87,62905.07
2017-04-12,20.26,22.66,21.41,20.26,142753.48,0.75,3.63,21.104,20.547,20.393,125346.56,85153.65,61126.92
2017-04-11,20.36,20.86,20.66,20.03,87876.53,-0.07,-0.34,21.02,20.382,20.362,119276.96,74740.85,57773.72
2017-04-10,21.3,21.4,20.73,19.72,162768.84,-1.18,-5.39,20.824,20.312,20.384,106592.83,70746.56,55004.98
2017-04-07,20.81,22.36,21.91,20.81,167942.41,1.1,5.29,20.66,20.189,20.394,83476.54,59899.84,48080.14
2017-04-06,21.0,21.26,20.81,20.65,65391.54,-0.18,-0.86,20.212,19.987,20.354,54285.56,46721.27,41696.39
2017-04-05,19.73,21.58,20.99,19.73,112405.49,1.31,6.66,19.99,19.94,20.384,44960.74,43153.71,41229.95
2017-03-31,19.9,19.96,19.68,19.61,24455.88,-0.23,-1.16,19.744,19.889,20.352,30204.73,34433.77,37483.87
2017-03-30,19.68,20.17,19.91,19.63,47187.37,0.24,1.22,19.8,19.963,20.389,34900.28,35611.26,38207.65
2017-03-29,19.8,19.94,19.67,19.56,21987.51,-0.03,-0.15,19.718,20.029,20.417,36323.14,34600.59,37679.43
2017-03-28,19.78,19.84,19.7,19.54,18767.43,-0.06,-0.3,19.762,20.12,20.464,39156.98,34790.27,38660.18
2017-03-27,19.91,20.27,19.76,19.64,38625.45,-0.2,-1.0,19.89,20.239,20.515,41346.67,37100.19,39986.36
2017-03-24,19.5,20.17,19.96,19.35,47933.66,0.46,2.36,20.034,20.341,20.569,38662.81,40806.59,40083.57
2017-03-23,19.88,20.16,19.5,19.28,54301.64,-0.39,-1.96,20.126,20.456,20.615,36322.24,39263.4,39479.71
2017-03-22,20.19,20.24,19.89,19.88,36156.71,-0.45,-2.21,20.34,20.599,20.708,32878.04,36260.45,38244.55
2017-03-21,20.47,20.55,20.34,20.18,29715.91,-0.14,-0.68,20.478,20.72,20.783,30423.55,36671.51,38434.36
2017-03-20,20.4,20.62,20.48,20.21,25206.15,0.06,0.29,20.588,20.827,20.827,32853.71,39306.2,39306.2
2017-03-17,20.6,20.78,20.42,20.32,36230.77,-0.15,-0.73,20.648,20.866,20.866,42950.37,40872.87,40872.87
2017-03-16,20.6,20.78,20.57,20.5,37080.64,-0.01,-0.05,20.786,20.921,20.921,42204.56,41453.14,41453.14
2017-03-15,20.8,20.87,20.58,20.57,23884.3,-0.31,-1.48,20.858,20.971,20.971,39642.87,42077.78,42077.78
2017-03-14,20.52,21.2,20.89,20.52,41866.68,0.11,0.53,20.962,21.037,21.037,42919.46,45110.03,45110.03
2017-03-13,20.92,20.99,20.78,20.0,75689.44,-0.33,-1.56,21.066,21.066,21.066,45758.7,45758.7,45758.7
2017-03-10,20.96,21.29,21.11,20.89,32501.76,0.18,0.86,21.138,21.138,21.138,38276.01,38276.01,38276.01
2017-03-09,21.17,21.19,20.93,20.84,24272.15,-0.17,-0.81,21.147,21.147,21.147,40200.76,40200.76,40200.76
2017-03-08,21.3,21.38,21.1,21.02,40267.26,-0.31,-1.45,21.255,21.255,21.255,48165.07,48165.07,48165.07
2017-03-07,21.88,21.94,21.41,21.3,56062.87,-0.57,-2.59,21.41,21.41,21.41,56062.87,56062.87,56062.87
